Dan,sfk972,hi,07/28/1998,hihi Thailand,210-846-8632,djram2898@outlook.com,Mid-Level
Jim,jjj777,Hi,06/19/2018,ree street,210-777-7777,hi@gmail.com,Intern
Obi-Wan Kenobi,obw111,HelloThere,07/31/1965,Tatooine,210-509-8527,theHighGround@gmail.com,Admin
Darth Vader,tds666,IAYF,07/25/1965,Mustafar,210-999-9999,IDontLikeSand@gmail.com,Intern
Katie Kalthoff,abc123,password,11/01/1999,1234 Street st.,555-555-555,someemgail@gmail.com,Admin
Daniel Ramirez,bob123,thisissecure,11/11/11,5555 Address Street,222-222-222,coolGuy@gmail.com,Mid-Level
