Dan,sfk972,hi,07/28/1998,hihi Thailand,210-846-8632,djram2898@outlook.com,Mid-Level
Larry Clark,bob123,hello,03/21/1000,Stonehenge,210-777-7777,moreMoneyThanYou@att.net,Admin
Katie Kalthoff,abc123,password,11/1/1999,6565 Street Street,555-555-5555,eitak13@gmail.com,Admin
Jim,jjj777,Hi,06/19/2018,ree street,210-777-7777,hi@gmail.com,Intern
Obi-Wan Kenobi,obw111,HelloThere,07/31/1965,Tatooine,210-509-8527,theHighGround@gmail.com,Admin
Darth Vader,tds666,IAYF,07/25/1965,Mustafar,210-999-9999,IDontLikeSand@gmail.com,Intern
